{
    "rule_exp": 1.0005341375047703,
    "fault_int": 0.965084026803996,
    "rel_freq": 0.9026822097229583,
    "thermal": 0.011033156720549848
}